timestamp,unit_id,unit_type,empire_or_resistance,location_x,location_y,destination_x,destination_y,homeworld
2025-03-17 15:02:52,1,at-at,empire,4,3,7,2,Skako
2025-03-17 15:02:51,2,at-at,resistance,9,2,6,8,Cerea
2025-03-17 15:02:50,3,tie_fighter,empire,4,2,5,5,Mirial
2025-03-17 15:02:49,4,at-at,resistance,6,2,1,1,Kalee
2025-03-17 15:02:48,5,tie_silencer,resistance,6,5,4,1,Alderaan
2025-03-17 15:02:47,6,resistance_soldier,resistance,6,4,4,4,Aleen Minor
2025-03-17 15:02:46,7,tie_fighter,resistance,8,8,3,1,Zolan
2025-03-17 15:02:45,8,unknown,empire,5,8,10,7,Kalee
2025-03-17 15:02:44,9,resistance_soldier,empire,10,1,9,2,Muunilinst
2025-03-17 15:02:43,10,resistance_soldier,resistance,10,4,7,9,Socorro
2025-03-17 15:02:42,11,x-wing,empire,5,5,7,4,Kashyyyk
2025-03-17 15:02:41,12,tie_fighter,resistance,7,1,2,4,Iktotch
2025-03-17 15:02:40,13,tie_silencer,resistance,4,10,1,2,Ryloth
2025-03-17 15:02:39,14,tie_fighter,resistance,3,10,9,4,Quermia
2025-03-17 15:02:38,15,at-at,empire,3,3,8,7,Serenno
2025-03-17 15:02:37,16,tie_fighter,empire,2,2,9,5,Zolan
2025-03-17 15:02:36,17,x-wing,empire,6,5,10,7,Trandosha
2025-03-17 15:02:35,18,at-st,empire,6,7,8,5,Corellia
2025-03-17 15:02:34,19,at-st,empire,6,7,9,5,Ojom
2025-03-17 15:02:33,20,at-at,empire,8,2,5,8,Corellia
2025-03-17 15:02:32,21,at-at,empire,4,3,10,10,Dorin
2025-03-17 15:02:31,22,x-wing,resistance,10,5,8,5,Vulpter
2025-03-17 15:02:30,23,stormtrooper,resistance,4,5,2,5,Umbara
2025-03-17 15:02:29,24,tie_silencer,empire,3,4,5,6,Concord Dawn
2025-03-17 15:02:28,25,at-at,empire,5,10,2,7,Glee Anselm
2025-03-17 15:02:27,26,stormtrooper,resistance,1,9,10,1,Malastare
2025-03-17 15:02:26,27,at-st,resistance,7,4,1,1,Zolan
2025-03-17 15:02:25,28,stormtrooper,resistance,6,10,9,1,Alderaan
2025-03-17 15:02:24,29,tie_silencer,empire,7,1,1,1,Skako
2025-03-17 15:02:23,30,resistance_soldier,resistance,4,1,2,8,Glee Anselm
2025-03-17 15:02:22,31,resistance_soldier,empire,1,4,9,6,Vulpter
2025-03-17 15:02:21,32,resistance_soldier,empire,8,1,3,7,Dagobah
2025-03-17 15:02:20,33,unknown,empire,5,7,9,10,Dorin
2025-03-17 15:02:19,34,at-st,resistance,10,7,2,5,Zolan
2025-03-17 15:02:18,35,stormtrooper,resistance,9,7,1,5,Dathomir
2025-03-17 15:02:17,36,at-st,resistance,7,8,9,9,Mirial
2025-03-17 15:02:16,37,resistance_soldier,resistance,2,7,1,3,Champala
2025-03-17 15:02:15,38,tie_silencer,resistance,8,6,6,5,Iktotch
2025-03-17 15:02:14,39,resistance_soldier,empire,4,5,4,9,Cerea
2025-03-17 15:02:13,40,unknown,resistance,10,5,9,1,Cerea
2025-03-17 15:02:12,41,unknown,empire,7,9,4,9,Aleen Minor
2025-03-17 15:02:11,42,at-st,empire,9,6,9,6,Stewjon
2025-03-17 15:02:10,43,tie_fighter,empire,10,3,9,3,Rodia
2025-03-17 15:02:09,44,stormtrooper,empire,5,7,10,9,Vulpter
2025-03-17 15:02:08,45,x-wing,empire,10,3,4,10,Trandosha
2025-03-17 15:02:07,46,unknown,empire,2,6,2,10,Serenno
2025-03-17 15:02:06,47,unknown,resistance,4,7,10,5,Concord Dawn
2025-03-17 15:02:05,48,at-st,resistance,2,2,9,1,Dagobah
2025-03-17 15:02:04,49,x-wing,resistance,2,2,2,7,Alderaan
2025-03-17 15:02:03,50,at-at,empire,4,10,10,3,Stewjon
2025-03-17 15:02:02,51,at-at,resistance,6,3,5,10,Champala
2025-03-17 15:02:01,52,resistance_soldier,resistance,5,6,6,7,Ojom
2025-03-17 15:02:00,53,x-wing,resistance,8,3,9,9,Zolan
2025-03-17 15:01:59,54,stormtrooper,empire,9,3,1,1,Tund
2025-03-17 15:01:58,55,tie_fighter,resistance,8,9,9,2,Ryloth
2025-03-17 15:01:57,56,x-wing,resistance,8,8,10,9,Alderaan
2025-03-17 15:01:56,57,tie_silencer,empire,10,1,4,4,Trandosha
2025-03-17 15:01:55,58,resistance_soldier,empire,4,1,9,7,Kalee
2025-03-17 15:01:54,59,stormtrooper,resistance,6,4,6,6,Shili
2025-03-17 15:01:53,60,stormtrooper,resistance,9,9,2,10,Mon Cala
2025-03-17 15:01:52,61,stormtrooper,empire,10,2,7,6,Toydaria
2025-03-17 15:01:51,62,x-wing,empire,8,7,5,6,Tholoth
2025-03-17 15:01:50,63,at-at,resistance,8,7,5,1,Umbara
2025-03-17 15:01:49,64,tie_fighter,empire,8,2,5,2,Rodia
2025-03-17 15:01:48,65,x-wing,resistance,3,6,2,5,Mon Cala
2025-03-17 15:01:47,66,x-wing,resistance,5,2,3,3,Sullust
2025-03-17 15:01:46,67,tie_silencer,resistance,2,5,7,6,Mon Cala
2025-03-17 15:01:45,68,at-st,resistance,5,7,10,3,Kashyyyk
2025-03-17 15:01:44,69,unknown,resistance,8,7,8,3,Sullust
2025-03-17 15:01:43,70,x-wing,empire,6,10,7,10,Malastare
2025-03-17 15:01:42,71,at-at,resistance,9,8,6,1,Naboo
2025-03-17 15:01:41,72,unknown,empire,3,10,5,5,Dagobah
2025-03-17 15:01:40,73,at-at,resistance,8,5,8,8,Aleen Minor
2025-03-17 15:01:39,74,resistance_soldier,empire,5,7,7,4,Corellia
2025-03-17 15:01:38,75,tie_fighter,empire,10,8,4,9,Serenno
2025-03-17 15:01:37,76,unknown,resistance,4,8,5,9,Malastare
2025-03-17 15:01:36,77,resistance_soldier,empire,7,6,6,9,Bestine IV
2025-03-17 15:01:35,78,tie_silencer,empire,4,6,1,9,Shili
2025-03-17 15:01:34,79,tie_fighter,resistance,1,4,6,3,Mirial
2025-03-17 15:01:33,80,at-at,empire,7,2,3,8,Muunilinst
2025-03-17 15:01:32,81,x-wing,empire,3,10,4,8,Shili
2025-03-17 15:01:31,82,unknown,resistance,5,7,4,8,Chandrila
2025-03-17 15:01:30,83,stormtrooper,empire,4,7,4,3,Chandrila
2025-03-17 15:01:29,84,tie_fighter,resistance,9,2,8,3,Troiken
2025-03-17 15:01:28,85,unknown,empire,3,10,1,3,Ojom
2025-03-17 15:01:27,86,stormtrooper,resistance,8,8,7,7,Eriadu
2025-03-17 15:01:26,87,stormtrooper,resistance,9,7,7,9,Kashyyyk
2025-03-17 15:01:25,88,resistance_soldier,empire,9,1,4,2,Muunilinst
2025-03-17 15:01:24,89,at-at,resistance,7,10,6,8,Eriadu
2025-03-17 15:01:23,90,x-wing,resistance,5,10,1,4,Tholoth
2025-03-17 15:01:22,91,resistance_soldier,empire,4,9,2,7,Shili
2025-03-17 15:01:21,92,tie_fighter,resistance,5,9,8,9,Socorro
2025-03-17 15:01:20,93,at-st,resistance,10,1,8,8,Iktotch
2025-03-17 15:01:19,94,tie_fighter,empire,3,8,3,2,Ojom
2025-03-17 15:01:18,95,at-st,resistance,1,9,1,3,Cerea
2025-03-17 15:01:17,96,at-at,resistance,8,2,2,9,Alderaan
2025-03-17 15:01:16,97,tie_silencer,resistance,7,2,10,3,Haruun Kal
2025-03-17 15:01:15,98,tie_silencer,resistance,2,7,4,3,Mon Cala
2025-03-17 15:01:14,99,at-at,empire,10,6,9,6,Glee Anselm
2025-03-17 15:01:13,100,at-at,empire,6,6,8,9,Corellia
2025-03-17 15:01:12,101,at-at,resistance,1,10,3,5,Alderaan
2025-03-17 15:01:11,102,at-st,resistance,8,2,1,10,Ojom
2025-03-17 15:01:10,103,at-st,empire,1,1,4,5,Tholoth
2025-03-17 15:01:09,104,tie_silencer,resistance,5,2,3,3,Iridonia
2025-03-17 15:01:08,105,resistance_soldier,resistance,2,9,3,8,Alderaan
2025-03-17 15:01:07,106,unknown,empire,1,10,6,5,Toydaria
2025-03-17 15:01:06,107,tie_silencer,resistance,1,6,7,2,Chandrila
2025-03-17 15:01:05,108,unknown,resistance,1,1,4,7,Ryloth
2025-03-17 15:01:04,109,resistance_soldier,resistance,3,6,10,3,Shili
2025-03-17 15:01:03,110,x-wing,resistance,1,6,9,8,Quermia
2025-03-17 15:01:02,111,tie_silencer,resistance,4,9,9,7,Glee Anselm
2025-03-17 15:01:01,112,stormtrooper,empire,6,2,10,6,Trandosha
2025-03-17 15:01:00,113,stormtrooper,empire,5,7,6,5,Corellia
2025-03-17 15:00:59,114,resistance_soldier,resistance,1,2,5,10,Ryloth
2025-03-17 15:00:58,115,at-st,empire,4,4,4,8,Serenno
2025-03-17 15:00:57,116,tie_silencer,empire,1,5,4,9,Muunilinst
2025-03-17 15:00:56,117,at-at,empire,3,2,4,10,Iktotch
2025-03-17 15:00:55,118,tie_silencer,empire,6,7,6,7,Champala
2025-03-17 15:00:54,119,tie_silencer,resistance,9,8,2,6,Champala
2025-03-17 15:00:53,120,tie_silencer,resistance,4,1,4,5,Alderaan
2025-03-17 15:00:52,121,tie_fighter,resistance,3,10,6,10,Ryloth
2025-03-17 15:00:51,122,stormtrooper,resistance,1,9,1,1,Rodia
2025-03-17 15:00:50,123,stormtrooper,resistance,4,2,5,6,Dathomir
2025-03-17 15:00:49,124,tie_silencer,empire,10,1,8,6,Cerea
2025-03-17 15:00:48,125,x-wing,resistance,7,5,8,1,Dathomir
2025-03-17 15:00:47,126,tie_silencer,empire,3,9,4,2,Tatooine
2025-03-17 15:00:46,127,resistance_soldier,resistance,9,9,5,3,Socorro
2025-03-17 15:00:45,128,unknown,empire,3,3,1,1,Tund
2025-03-17 15:00:44,129,stormtrooper,resistance,9,4,1,6,Quermia
2025-03-17 15:00:43,130,x-wing,resistance,6,8,10,2,Stewjon
2025-03-17 15:00:42,131,tie_fighter,resistance,3,2,7,2,Tholoth
2025-03-17 15:00:41,132,unknown,resistance,1,2,7,6,Tatooine
2025-03-17 15:00:40,133,tie_fighter,empire,4,5,7,2,Dagobah
2025-03-17 15:00:39,134,stormtrooper,empire,4,1,5,6,Toydaria
2025-03-17 15:00:38,135,x-wing,empire,2,8,4,7,Troiken
2025-03-17 15:00:37,136,stormtrooper,resistance,1,1,7,4,Champala
2025-03-17 15:00:36,137,unknown,empire,8,7,9,2,Bestine IV
2025-03-17 15:00:35,138,tie_silencer,empire,10,9,5,3,Troiken
2025-03-17 15:00:34,139,unknown,resistance,3,1,6,5,Kalee
2025-03-17 15:00:33,140,at-at,empire,5,9,10,4,Eriadu
2025-03-17 15:00:32,141,resistance_soldier,resistance,10,9,6,10,Naboo
2025-03-17 15:00:31,142,resistance_soldier,empire,3,5,8,2,Cerea
2025-03-17 15:00:30,143,tie_silencer,resistance,1,10,2,5,Cerea
2025-03-17 15:00:29,144,at-at,empire,7,2,2,2,Tund
2025-03-17 15:00:28,145,unknown,resistance,2,10,8,1,Kalee
2025-03-17 15:00:27,146,tie_silencer,empire,2,5,8,7,Mirial
2025-03-17 15:00:26,147,x-wing,resistance,2,1,2,9,Mon Cala
2025-03-17 15:00:25,148,at-at,empire,2,4,1,6,Trandosha
2025-03-17 15:00:24,149,unknown,resistance,4,2,10,8,Iktotch
2025-03-17 15:00:23,150,unknown,resistance,3,5,5,1,Ryloth
2025-03-17 15:00:22,151,tie_fighter,empire,8,3,4,7,Vulpter
2025-03-17 15:00:21,152,resistance_soldier,empire,10,8,1,3,Malastare
2025-03-17 15:00:20,153,stormtrooper,empire,8,9,2,4,Cerea
2025-03-17 15:00:19,154,tie_fighter,resistance,4,10,2,7,Sullust
2025-03-17 15:00:18,155,unknown,empire,7,8,7,5,Malastare
2025-03-17 15:00:17,156,tie_silencer,empire,6,9,3,10,Champala
2025-03-17 15:00:16,157,at-st,resistance,9,6,2,1,Sullust
2025-03-17 15:00:15,158,at-at,resistance,5,6,10,5,Sullust
2025-03-17 15:00:14,159,stormtrooper,resistance,2,6,10,10,Iridonia
2025-03-17 15:00:13,160,x-wing,empire,3,9,9,8,Dagobah
2025-03-17 15:00:12,161,at-at,empire,4,2,7,9,Rodia
2025-03-17 15:00:11,162,x-wing,empire,8,7,7,9,Toydaria
2025-03-17 15:00:10,163,resistance_soldier,resistance,3,10,1,8,Socorro
2025-03-17 15:00:09,164,stormtrooper,resistance,2,5,3,5,Quermia
2025-03-17 15:00:08,165,tie_fighter,resistance,6,7,7,5,Zolan
2025-03-17 15:00:07,166,tie_silencer,empire,3,1,3,10,Mirial
2025-03-17 15:00:06,167,at-at,empire,4,5,10,10,Corellia
2025-03-17 15:00:05,168,unknown,empire,5,2,8,8,Muunilinst
2025-03-17 15:00:04,169,tie_silencer,resistance,8,4,8,9,Troiken
2025-03-17 15:00:03,170,tie_fighter,resistance,3,6,4,7,Rodia
2025-03-17 15:00:02,171,at-at,resistance,2,10,8,9,Cerea
2025-03-17 15:00:01,172,unknown,resistance,4,6,2,6,Sullust
2025-03-17 15:00:00,173,unknown,resistance,6,6,5,1,Chandrila
2025-03-17 14:59:59,174,tie_silencer,resistance,1,5,1,2,Skako
2025-03-17 14:59:58,175,at-st,empire,6,7,4,8,Glee Anselm
2025-03-17 14:59:57,176,x-wing,resistance,3,3,7,7,Glee Anselm
2025-03-17 14:59:56,177,tie_fighter,resistance,5,8,7,10,Glee Anselm
2025-03-17 14:59:55,178,resistance_soldier,resistance,5,9,2,1,Shili
2025-03-17 14:59:54,179,resistance_soldier,empire,4,8,2,2,Tund
2025-03-17 14:59:53,180,at-at,empire,9,10,8,2,Trandosha
2025-03-17 14:59:52,181,resistance_soldier,resistance,5,3,10,6,Ryloth
2025-03-17 14:59:51,182,x-wing,empire,1,9,3,8,Stewjon
2025-03-17 14:59:50,183,unknown,resistance,9,3,4,5,Naboo
2025-03-17 14:59:49,184,tie_silencer,resistance,8,9,5,4,Champala
2025-03-17 14:59:48,185,resistance_soldier,resistance,4,3,6,1,Glee Anselm
2025-03-17 14:59:47,186,tie_fighter,resistance,3,9,6,2,Ojom
2025-03-17 14:59:46,187,resistance_soldier,resistance,3,4,8,6,Kalee
2025-03-17 14:59:45,188,tie_silencer,empire,8,7,7,1,Serenno
2025-03-17 14:59:44,189,tie_fighter,empire,1,10,7,7,Haruun Kal
2025-03-17 14:59:43,190,unknown,empire,5,2,6,5,Corellia
2025-03-17 14:59:42,191,resistance_soldier,empire,4,10,5,5,Tund
2025-03-17 14:59:41,192,x-wing,empire,9,5,5,4,Serenno
2025-03-17 14:59:40,193,x-wing,resistance,3,9,10,5,Vulpter
2025-03-17 14:59:39,194,at-st,empire,6,7,5,6,Ojom
2025-03-17 14:59:38,195,at-at,resistance,8,10,8,1,Serenno
2025-03-17 14:59:37,196,at-st,empire,7,3,7,5,Zolan
2025-03-17 14:59:36,197,tie_silencer,resistance,7,6,10,3,Sullust
2025-03-17 14:59:35,198,stormtrooper,empire,10,9,1,5,Corellia
2025-03-17 14:59:34,199,at-at,empire,3,1,9,6,Toydaria
2025-03-17 14:59:33,200,tie_silencer,resistance,5,7,6,5,Trandosha
2025-03-17 14:59:32,201,tie_fighter,empire,10,6,8,9,Toydaria
2025-03-17 14:59:31,202,tie_silencer,resistance,9,9,3,2,Serenno
2025-03-17 14:59:30,203,tie_fighter,empire,1,4,1,7,Tatooine
2025-03-17 14:59:29,204,stormtrooper,resistance,6,5,1,10,Iktotch
2025-03-17 14:59:28,205,at-at,resistance,8,6,3,3,Zolan
2025-03-17 14:59:27,206,unknown,empire,2,8,5,1,Toydaria
2025-03-17 14:59:26,207,tie_silencer,empire,2,7,10,2,Champala
2025-03-17 14:59:25,208,tie_silencer,resistance,7,9,2,10,Mon Cala
2025-03-17 14:59:24,209,at-st,resistance,9,3,2,8,Sullust
2025-03-17 14:59:23,210,resistance_soldier,empire,8,1,6,7,Troiken
2025-03-17 14:59:22,211,stormtrooper,empire,2,10,6,6,Serenno
2025-03-17 14:59:21,212,unknown,empire,3,3,3,10,Cerea
2025-03-17 14:59:20,213,tie_fighter,resistance,1,7,1,5,Socorro
2025-03-17 14:59:19,214,stormtrooper,resistance,3,4,9,10,Tatooine
2025-03-17 14:59:18,215,unknown,resistance,7,2,10,10,Rodia
2025-03-17 14:59:17,216,unknown,resistance,10,1,10,8,Iktotch
2025-03-17 14:59:16,217,tie_silencer,resistance,10,8,8,5,Mirial
2025-03-17 14:59:15,218,x-wing,empire,4,3,3,7,Eriadu
2025-03-17 14:59:14,219,at-at,empire,5,7,6,1,Iktotch
2025-03-17 14:59:13,220,at-st,empire,2,8,4,8,Malastare
2025-03-17 14:59:12,221,unknown,empire,3,9,2,8,Malastare
2025-03-17 14:59:11,222,tie_fighter,resistance,2,9,8,4,Troiken
2025-03-17 14:59:10,223,resistance_soldier,resistance,4,9,2,1,Kashyyyk
2025-03-17 14:59:09,224,tie_silencer,resistance,4,3,9,4,Dagobah
2025-03-17 14:59:08,225,unknown,empire,5,3,1,5,Mirial
2025-03-17 14:59:07,226,resistance_soldier,empire,4,9,10,6,Umbara
2025-03-17 14:59:06,227,at-at,empire,4,4,10,1,Serenno
2025-03-17 14:59:05,228,at-at,resistance,4,10,9,4,Aleen Minor
2025-03-17 14:59:04,229,at-at,resistance,4,7,2,10,Sullust
2025-03-17 14:59:03,230,at-st,empire,2,6,10,10,Eriadu
2025-03-17 14:59:02,231,tie_silencer,resistance,10,4,1,1,Alderaan
2025-03-17 14:59:01,232,tie_fighter,resistance,6,9,2,2,Chandrila
2025-03-17 14:59:00,233,stormtrooper,empire,9,9,5,1,Iridonia
2025-03-17 14:58:59,234,x-wing,resistance,9,10,8,2,Zolan
2025-03-17 14:58:58,235,x-wing,resistance,5,5,4,2,Kalee
2025-03-17 14:58:57,236,tie_fighter,resistance,6,7,2,2,Sullust
2025-03-17 14:58:56,237,resistance_soldier,resistance,8,6,4,8,Kalee
2025-03-17 14:58:55,238,tie_silencer,resistance,2,4,9,4,Ojom
2025-03-17 14:58:54,239,x-wing,empire,3,6,4,8,Mirial
2025-03-17 14:58:53,240,x-wing,resistance,1,2,3,10,Zolan
2025-03-17 14:58:52,241,tie_silencer,empire,6,9,3,1,Concord Dawn
2025-03-17 14:58:51,242,unknown,empire,2,10,5,6,Troiken
2025-03-17 14:58:50,243,tie_silencer,empire,3,9,6,3,Quermia
2025-03-17 14:58:49,244,resistance_soldier,resistance,6,9,3,2,Chandrila
2025-03-17 14:58:48,245,resistance_soldier,resistance,10,9,7,2,Zolan
2025-03-17 14:58:47,246,tie_silencer,resistance,10,5,2,9,Socorro
2025-03-17 14:58:46,247,x-wing,resistance,3,1,7,5,Tatooine
2025-03-17 14:58:45,248,stormtrooper,empire,3,4,8,8,Socorro
2025-03-17 14:58:44,249,at-st,empire,1,10,1,10,Stewjon
2025-03-17 14:58:43,250,tie_silencer,empire,6,4,4,10,Rodia
2025-03-17 14:58:42,251,tie_silencer,resistance,8,5,4,9,Bestine IV
2025-03-17 14:58:41,252,resistance_soldier,empire,4,4,4,4,Skako
2025-03-17 14:58:40,253,at-at,empire,2,3,10,3,Ryloth
2025-03-17 14:58:39,254,resistance_soldier,empire,9,6,3,10,Trandosha
2025-03-17 14:58:38,255,tie_silencer,empire,8,1,4,8,Concord Dawn
2025-03-17 14:58:37,256,tie_silencer,empire,3,10,9,10,Umbara
2025-03-17 14:58:36,257,resistance_soldier,empire,4,2,3,3,Bestine IV
2025-03-17 14:58:35,258,x-wing,empire,2,2,3,5,Tholoth
2025-03-17 14:58:34,259,unknown,resistance,10,4,7,9,Iktotch
2025-03-17 14:58:33,260,resistance_soldier,resistance,6,6,8,7,Glee Anselm
2025-03-17 14:58:32,261,at-at,empire,6,2,10,6,Ojom
2025-03-17 14:58:31,262,x-wing,resistance,3,9,6,4,Dathomir
2025-03-17 14:58:30,263,resistance_soldier,resistance,10,2,5,2,Troiken
2025-03-17 14:58:29,264,unknown,resistance,5,4,10,9,Dathomir
2025-03-17 14:58:28,265,at-st,resistance,10,9,2,6,Kalee
2025-03-17 14:58:27,266,resistance_soldier,empire,3,1,7,10,Iridonia
2025-03-17 14:58:26,267,at-at,resistance,6,6,9,1,Bestine IV
2025-03-17 14:58:25,268,x-wing,resistance,7,8,2,10,Dorin
2025-03-17 14:58:24,269,stormtrooper,empire,7,8,8,7,Serenno
2025-03-17 14:58:23,270,stormtrooper,empire,7,8,8,8,Tund
2025-03-17 14:58:22,271,stormtrooper,resistance,1,8,2,6,Kashyyyk
2025-03-17 14:58:21,272,x-wing,empire,1,7,8,1,Zolan
2025-03-17 14:58:20,273,stormtrooper,resistance,7,9,8,9,Shili
2025-03-17 14:58:19,274,tie_silencer,resistance,7,4,10,7,Quermia
2025-03-17 14:58:18,275,at-at,resistance,2,3,8,5,Sullust
2025-03-17 14:58:17,276,unknown,empire,2,4,4,6,Ryloth
2025-03-17 14:58:16,277,at-st,empire,6,8,9,3,Naboo
2025-03-17 14:58:15,278,stormtrooper,resistance,1,6,7,3,Kashyyyk
2025-03-17 14:58:14,279,at-at,resistance,3,10,8,4,Alderaan
2025-03-17 14:58:13,280,resistance_soldier,resistance,8,10,8,1,Sullust
2025-03-17 14:58:12,281,at-at,resistance,3,8,2,9,Malastare
2025-03-17 14:58:11,282,at-st,empire,10,7,1,7,Serenno
2025-03-17 14:58:10,283,at-st,resistance,7,5,1,8,Rodia
2025-03-17 14:58:09,284,stormtrooper,resistance,8,7,7,5,Zolan
2025-03-17 14:58:08,285,stormtrooper,resistance,9,9,10,9,Alderaan
2025-03-17 14:58:07,286,tie_silencer,resistance,2,1,6,10,Bestine IV
2025-03-17 14:58:06,287,at-st,empire,2,4,10,2,Malastare
2025-03-17 14:58:05,288,x-wing,empire,1,9,1,9,Serenno
2025-03-17 14:58:04,289,unknown,empire,4,3,3,1,Stewjon
2025-03-17 14:58:03,290,x-wing,resistance,4,3,5,9,Cerea
2025-03-17 14:58:02,291,unknown,resistance,1,3,5,2,Alderaan
2025-03-17 14:58:01,292,tie_silencer,empire,9,1,5,1,Ojom
2025-03-17 14:58:00,293,resistance_soldier,empire,6,9,10,5,Dorin
2025-03-17 14:57:59,294,resistance_soldier,resistance,10,3,9,8,Bestine IV
2025-03-17 14:57:58,295,tie_fighter,resistance,4,8,2,1,Kashyyyk
2025-03-17 14:57:57,296,resistance_soldier,empire,3,9,8,7,Ojom
2025-03-17 14:57:56,297,tie_fighter,empire,4,1,4,8,Ojom
2025-03-17 14:57:55,298,resistance_soldier,resistance,6,4,5,7,Chandrila
2025-03-17 14:57:54,299,tie_fighter,empire,7,1,4,6,Toydaria
2025-03-17 14:57:53,300,at-at,resistance,1,10,6,5,Champala
2025-03-17 14:57:52,301,at-st,resistance,7,7,9,9,Mon Cala
2025-03-17 14:57:51,302,resistance_soldier,resistance,2,10,5,4,Eriadu
2025-03-17 14:57:50,303,tie_silencer,resistance,7,7,3,6,Sullust
2025-03-17 14:57:49,304,at-st,resistance,1,10,2,5,Ryloth
2025-03-17 14:57:48,305,x-wing,empire,5,1,6,1,Corellia
2025-03-17 14:57:47,306,x-wing,empire,5,6,5,6,Shili
2025-03-17 14:57:46,307,tie_fighter,empire,5,4,6,9,Ojom
2025-03-17 14:57:45,308,tie_fighter,empire,1,5,7,4,Dathomir
2025-03-17 14:57:44,309,at-at,empire,1,1,10,5,Ryloth
2025-03-17 14:57:43,310,unknown,empire,4,10,6,7,Tholoth
2025-03-17 14:57:42,311,x-wing,resistance,4,1,6,5,Socorro
2025-03-17 14:57:41,312,at-st,empire,4,9,3,3,Quermia
2025-03-17 14:57:40,313,stormtrooper,resistance,1,9,9,5,Iridonia
2025-03-17 14:57:39,314,at-st,resistance,8,2,3,9,Champala
2025-03-17 14:57:38,315,at-at,empire,9,7,4,7,Ojom
2025-03-17 14:57:37,316,at-st,empire,2,5,7,7,Concord Dawn
2025-03-17 14:57:36,317,tie_silencer,resistance,7,3,8,1,Skako
2025-03-17 14:57:35,318,at-st,empire,7,3,7,4,Iktotch
2025-03-17 14:57:34,319,tie_fighter,resistance,1,5,9,7,Eriadu
2025-03-17 14:57:33,320,resistance_soldier,resistance,1,7,9,10,Alderaan
2025-03-17 14:57:32,321,tie_silencer,resistance,7,4,2,4,Chandrila
2025-03-17 14:57:31,322,at-at,resistance,1,9,5,7,Kashyyyk
2025-03-17 14:57:30,323,stormtrooper,resistance,4,8,8,4,Cerea
2025-03-17 14:57:29,324,at-st,resistance,3,3,5,7,Troiken
2025-03-17 14:57:28,325,resistance_soldier,empire,10,10,3,4,Troiken
2025-03-17 14:57:27,326,tie_fighter,empire,7,4,9,2,Kalee
2025-03-17 14:57:26,327,resistance_soldier,empire,10,4,1,2,Corellia
2025-03-17 14:57:25,328,tie_fighter,resistance,4,4,1,4,Skako
2025-03-17 14:57:24,329,tie_fighter,resistance,2,6,9,1,Cerea
2025-03-17 14:57:23,330,resistance_soldier,empire,3,4,8,4,Corellia
2025-03-17 14:57:22,331,stormtrooper,resistance,1,1,3,2,Cerea
2025-03-17 14:57:21,332,at-at,resistance,2,1,3,10,Troiken
2025-03-17 14:57:20,333,stormtrooper,empire,10,4,10,4,Cerea
2025-03-17 14:57:19,334,tie_silencer,resistance,6,1,2,8,Mon Cala
2025-03-17 14:57:18,335,resistance_soldier,empire,4,9,1,4,Trandosha
2025-03-17 14:57:17,336,unknown,empire,3,1,1,7,Ojom
2025-03-17 14:57:16,337,tie_fighter,empire,3,2,9,10,Serenno
2025-03-17 14:57:15,338,at-at,empire,1,10,7,1,Skako
2025-03-17 14:57:14,339,stormtrooper,empire,3,8,2,6,Malastare
2025-03-17 14:57:13,340,x-wing,empire,4,2,7,8,Bestine IV
2025-03-17 14:57:12,341,tie_silencer,resistance,9,2,3,9,Zolan
2025-03-17 14:57:11,342,at-st,resistance,10,1,8,1,Dagobah
2025-03-17 14:57:10,343,tie_silencer,empire,7,9,2,5,Trandosha
2025-03-17 14:57:09,344,x-wing,empire,9,5,1,9,Toydaria
2025-03-17 14:57:08,345,at-at,empire,5,6,9,10,Champala
2025-03-17 14:57:07,346,unknown,empire,1,8,7,6,Tholoth
2025-03-17 14:57:06,347,stormtrooper,empire,8,7,10,5,Quermia
2025-03-17 14:57:05,348,unknown,resistance,5,5,1,2,Quermia
2025-03-17 14:57:04,349,tie_silencer,resistance,5,5,4,5,Bestine IV
2025-03-17 14:57:03,350,at-at,empire,3,2,6,10,Umbara
2025-03-17 14:57:02,351,unknown,resistance,10,1,1,6,Vulpter
2025-03-17 14:57:01,352,at-at,resistance,9,2,6,5,Glee Anselm
2025-03-17 14:57:00,353,tie_silencer,empire,4,8,5,10,Serenno
2025-03-17 14:56:59,354,x-wing,empire,4,8,5,1,Stewjon
2025-03-17 14:56:58,355,x-wing,empire,10,6,4,2,Quermia
2025-03-17 14:56:57,356,stormtrooper,empire,4,6,3,8,Iktotch
2025-03-17 14:56:56,357,unknown,resistance,9,5,8,3,Bestine IV
2025-03-17 14:56:55,358,tie_silencer,empire,10,4,1,9,Stewjon
2025-03-17 14:56:54,359,x-wing,resistance,3,5,10,5,Ojom
2025-03-17 14:56:53,360,tie_fighter,resistance,1,10,3,3,Zolan
2025-03-17 14:56:52,361,at-at,resistance,3,4,2,9,Sullust
2025-03-17 14:56:51,362,tie_fighter,resistance,3,5,8,6,Cerea
2025-03-17 14:56:50,363,at-at,resistance,3,1,2,8,Kalee
2025-03-17 14:56:49,364,resistance_soldier,resistance,8,9,9,7,Bestine IV
2025-03-17 14:56:48,365,at-st,resistance,9,9,2,10,Ryloth
2025-03-17 14:56:47,366,at-at,empire,2,9,2,9,Aleen Minor
2025-03-17 14:56:46,367,at-st,empire,9,9,9,2,Malastare
2025-03-17 14:56:45,368,unknown,empire,10,5,9,1,Bestine IV
2025-03-17 14:56:44,369,at-st,empire,5,6,9,7,Rodia
2025-03-17 14:56:43,370,x-wing,empire,8,10,2,3,Socorro
2025-03-17 14:56:42,371,unknown,resistance,10,1,4,5,Alderaan
2025-03-17 14:56:41,372,at-at,empire,2,5,1,4,Stewjon
2025-03-17 14:56:40,373,resistance_soldier,empire,9,8,10,2,Tund
2025-03-17 14:56:39,374,stormtrooper,resistance,8,10,3,10,Haruun Kal
2025-03-17 14:56:38,375,tie_fighter,empire,2,9,7,5,Vulpter
2025-03-17 14:56:37,376,resistance_soldier,empire,5,2,7,9,Malastare
2025-03-17 14:56:36,377,x-wing,resistance,6,3,2,9,Eriadu
2025-03-17 14:56:35,378,tie_silencer,empire,5,2,6,1,Muunilinst
2025-03-17 14:56:34,379,at-st,empire,2,8,4,7,Kalee
2025-03-17 14:56:33,380,tie_silencer,empire,10,5,2,10,Dorin
2025-03-17 14:56:32,381,tie_fighter,empire,1,10,9,7,Kashyyyk
2025-03-17 14:56:31,382,unknown,resistance,7,5,8,10,Alderaan
2025-03-17 14:56:30,383,tie_fighter,resistance,6,5,4,9,Iridonia
2025-03-17 14:56:29,384,stormtrooper,resistance,8,3,1,8,Umbara
2025-03-17 14:56:28,385,resistance_soldier,empire,2,10,7,1,Champala
2025-03-17 14:56:27,386,at-st,resistance,6,2,7,1,Cerea
2025-03-17 14:56:26,387,at-at,empire,5,2,5,10,Rodia
2025-03-17 14:56:25,388,tie_fighter,empire,4,5,7,3,Aleen Minor
2025-03-17 14:56:24,389,stormtrooper,resistance,4,7,9,4,Iktotch
2025-03-17 14:56:23,390,x-wing,resistance,4,9,4,1,Shili
2025-03-17 14:56:22,391,stormtrooper,empire,1,4,3,9,Skako
2025-03-17 14:56:21,392,unknown,empire,2,8,4,7,Dagobah
2025-03-17 14:56:20,393,tie_fighter,resistance,7,3,6,9,Sullust
2025-03-17 14:56:19,394,tie_fighter,empire,10,3,6,3,Toydaria
2025-03-17 14:56:18,395,at-at,empire,1,8,3,1,Iridonia
2025-03-17 14:56:17,396,tie_fighter,empire,6,4,9,10,Iktotch
2025-03-17 14:56:16,397,x-wing,empire,8,2,9,10,Champala
2025-03-17 14:56:15,398,unknown,empire,7,7,3,8,Dagobah
2025-03-17 14:56:14,399,tie_silencer,empire,2,6,8,3,Serenno
2025-03-17 14:56:13,400,resistance_soldier,resistance,1,6,7,1,Sullust
2025-03-17 14:56:12,401,at-st,empire,7,3,3,9,Kalee
2025-03-17 14:56:11,402,tie_fighter,empire,8,1,4,8,Serenno
2025-03-17 14:56:10,403,resistance_soldier,resistance,6,3,4,5,Dorin
2025-03-17 14:56:09,404,resistance_soldier,resistance,4,9,5,3,Iridonia
2025-03-17 14:56:08,405,tie_silencer,empire,5,7,8,5,Malastare
2025-03-17 14:56:07,406,resistance_soldier,resistance,8,10,5,4,Eriadu
2025-03-17 14:56:06,407,tie_silencer,empire,5,6,9,8,Corellia
2025-03-17 14:56:05,408,tie_fighter,empire,8,7,2,5,Champala
2025-03-17 14:56:04,409,stormtrooper,resistance,7,6,7,10,Kalee
2025-03-17 14:56:03,410,resistance_soldier,empire,7,3,4,8,Toydaria
2025-03-17 14:56:02,411,at-at,resistance,1,1,4,10,Glee Anselm
2025-03-17 14:56:01,412,tie_silencer,resistance,1,7,4,6,Dathomir
2025-03-17 14:56:00,413,stormtrooper,resistance,7,5,5,8,Chandrila
2025-03-17 14:55:59,414,at-st,resistance,1,3,1,7,Quermia
2025-03-17 14:55:58,415,resistance_soldier,resistance,10,10,6,4,Shili
2025-03-17 14:55:57,416,at-at,empire,5,3,6,7,Stewjon
2025-03-17 14:55:56,417,x-wing,empire,10,8,3,5,Corellia
2025-03-17 14:55:55,418,resistance_soldier,empire,6,9,7,1,Tund
2025-03-17 14:55:54,419,stormtrooper,empire,1,10,10,5,Iridonia
2025-03-17 14:55:53,420,tie_fighter,resistance,4,5,6,2,Trandosha
2025-03-17 14:55:52,421,at-st,resistance,10,9,4,3,Dorin
2025-03-17 14:55:51,422,resistance_soldier,resistance,7,1,5,2,Shili
2025-03-17 14:55:50,423,tie_fighter,resistance,4,8,4,9,Rodia
2025-03-17 14:55:49,424,unknown,empire,10,2,9,5,Dagobah
2025-03-17 14:55:48,425,stormtrooper,resistance,6,9,8,8,Umbara
2025-03-17 14:55:47,426,tie_silencer,empire,4,6,8,4,Chandrila
2025-03-17 14:55:46,427,unknown,empire,7,8,9,5,Naboo
2025-03-17 14:55:45,428,resistance_soldier,resistance,10,2,4,7,Dathomir
2025-03-17 14:55:44,429,resistance_soldier,resistance,8,1,9,10,Vulpter
2025-03-17 14:55:43,430,at-at,empire,6,7,2,6,Stewjon
2025-03-17 14:55:42,431,unknown,empire,4,9,3,9,Tholoth
2025-03-17 14:55:41,432,resistance_soldier,resistance,7,2,10,9,Aleen Minor
2025-03-17 14:55:40,433,stormtrooper,resistance,9,10,9,6,Zolan
2025-03-17 14:55:39,434,stormtrooper,empire,8,7,4,2,Champala
2025-03-17 14:55:38,435,at-st,resistance,10,8,1,7,Skako
2025-03-17 14:55:37,436,tie_silencer,empire,10,8,4,3,Dagobah
2025-03-17 14:55:36,437,stormtrooper,empire,6,1,5,6,Chandrila
2025-03-17 14:55:35,438,tie_fighter,empire,9,4,8,6,Serenno
2025-03-17 14:55:34,439,unknown,empire,9,8,5,4,Dagobah
2025-03-17 14:55:33,440,tie_silencer,empire,9,3,2,7,Mirial
2025-03-17 14:55:32,441,x-wing,resistance,2,4,3,1,Quermia
2025-03-17 14:55:31,442,tie_fighter,empire,8,6,10,5,Iktotch
2025-03-17 14:55:30,443,at-at,empire,2,2,6,8,Bestine IV
2025-03-17 14:55:29,444,at-at,resistance,4,7,2,5,Malastare
2025-03-17 14:55:28,445,stormtrooper,resistance,6,5,2,10,Tatooine
2025-03-17 14:55:27,446,x-wing,empire,7,4,2,9,Serenno
2025-03-17 14:55:26,447,x-wing,empire,9,4,2,5,Aleen Minor
2025-03-17 14:55:25,448,tie_silencer,resistance,8,3,9,7,Ryloth
2025-03-17 14:55:24,449,stormtrooper,resistance,10,1,6,7,Ryloth
2025-03-17 14:55:23,450,at-at,empire,7,7,9,6,Tund
2025-03-17 14:55:22,451,at-st,empire,8,7,9,3,Ojom
2025-03-17 14:55:21,452,x-wing,empire,9,1,10,7,Malastare
2025-03-17 14:55:20,453,tie_fighter,resistance,7,4,8,1,Umbara
2025-03-17 14:55:19,454,tie_silencer,empire,1,6,3,5,Ojom
2025-03-17 14:55:18,455,resistance_soldier,empire,9,4,9,8,Vulpter
2025-03-17 14:55:17,456,at-st,resistance,9,1,1,7,Bestine IV
2025-03-17 14:55:16,457,unknown,resistance,5,3,8,10,Glee Anselm
2025-03-17 14:55:15,458,tie_silencer,empire,2,3,4,1,Tholoth
2025-03-17 14:55:14,459,tie_silencer,empire,8,9,8,3,Eriadu
2025-03-17 14:55:13,460,tie_silencer,empire,8,7,6,6,Zolan
2025-03-17 14:55:12,461,tie_silencer,resistance,1,5,7,2,Mon Cala
2025-03-17 14:55:11,462,x-wing,empire,6,1,4,6,Toydaria
2025-03-17 14:55:10,463,unknown,resistance,7,9,4,5,Alderaan
2025-03-17 14:55:09,464,at-st,resistance,6,2,10,10,Rodia
2025-03-17 14:55:08,465,at-st,empire,6,5,9,5,Corellia
2025-03-17 14:55:07,466,tie_silencer,empire,10,7,3,10,Trandosha
2025-03-17 14:55:06,467,tie_fighter,resistance,5,4,10,5,Naboo
2025-03-17 14:55:05,468,stormtrooper,empire,8,3,5,7,Umbara
2025-03-17 14:55:04,469,x-wing,empire,1,10,10,8,Trandosha
2025-03-17 14:55:03,470,x-wing,resistance,1,10,5,1,Haruun Kal
2025-03-17 14:55:02,471,unknown,resistance,6,4,8,8,Mon Cala
2025-03-17 14:55:01,472,resistance_soldier,resistance,1,6,4,2,Tholoth
2025-03-17 14:55:00,473,tie_silencer,empire,7,2,10,7,Corellia
2025-03-17 14:54:59,474,stormtrooper,empire,2,5,7,3,Iktotch
2025-03-17 14:54:58,475,at-st,empire,3,7,3,7,Tund
2025-03-17 14:54:57,476,at-st,empire,9,8,3,9,Corellia
2025-03-17 14:54:56,477,resistance_soldier,empire,3,7,4,9,Muunilinst
2025-03-17 14:54:55,478,at-at,resistance,4,10,8,6,Ryloth
2025-03-17 14:54:54,479,at-at,empire,4,3,5,2,Skako
2025-03-17 14:54:53,480,resistance_soldier,resistance,2,3,6,6,Haruun Kal
2025-03-17 14:54:52,481,at-at,empire,8,5,9,1,Malastare
2025-03-17 14:54:51,482,at-at,empire,9,2,6,7,Dathomir
2025-03-17 14:54:50,483,at-at,empire,3,4,5,9,Muunilinst
2025-03-17 14:54:49,484,at-at,resistance,4,2,6,9,Toydaria
2025-03-17 14:54:48,485,tie_silencer,empire,4,2,4,8,Rodia
2025-03-17 14:54:47,486,x-wing,resistance,8,8,7,2,Ryloth
2025-03-17 14:54:46,487,unknown,empire,2,8,9,10,Vulpter
2025-03-17 14:54:45,488,at-at,resistance,7,1,10,7,Haruun Kal
2025-03-17 14:54:44,489,resistance_soldier,resistance,7,1,5,2,Stewjon
2025-03-17 14:54:43,490,unknown,empire,10,3,2,6,Serenno
2025-03-17 14:54:42,491,tie_silencer,resistance,7,1,7,8,Mirial
2025-03-17 14:54:41,492,stormtrooper,resistance,6,10,4,1,Haruun Kal
2025-03-17 14:54:40,493,tie_fighter,empire,10,2,6,6,Tund
2025-03-17 14:54:39,494,at-st,resistance,5,8,4,8,Zolan
2025-03-17 14:54:38,495,unknown,resistance,9,5,9,8,Ryloth
2025-03-17 14:54:37,496,tie_silencer,resistance,8,9,1,3,Champala
2025-03-17 14:54:36,497,unknown,resistance,9,9,8,3,Sullust
2025-03-17 14:54:35,498,unknown,empire,9,3,4,9,Tund
2025-03-17 14:54:34,499,stormtrooper,resistance,9,5,10,6,Malastare
2025-03-17 14:54:33,500,tie_fighter,empire,1,6,5,6,Corellia
2025-03-17 14:54:32,501,at-at,empire,4,4,4,9,Iktotch
2025-03-17 14:54:31,502,x-wing,empire,5,8,9,9,Concord Dawn
2025-03-17 14:54:30,503,at-st,empire,2,9,4,9,Tatooine
2025-03-17 14:54:29,504,at-at,resistance,8,3,6,6,Dorin
2025-03-17 14:54:28,505,x-wing,resistance,7,7,3,4,Sullust
2025-03-17 14:54:27,506,tie_silencer,empire,6,4,6,1,Skako
2025-03-17 14:54:26,507,resistance_soldier,resistance,3,6,6,10,Sullust
2025-03-17 14:54:25,508,x-wing,empire,1,6,6,4,Glee Anselm
2025-03-17 14:54:24,509,x-wing,resistance,6,4,6,2,Kashyyyk
2025-03-17 14:54:23,510,unknown,empire,8,1,4,2,Serenno
2025-03-17 14:54:22,511,tie_silencer,resistance,10,1,4,2,Umbara
2025-03-17 14:54:21,512,unknown,resistance,8,10,2,7,Ryloth
2025-03-17 14:54:20,513,unknown,resistance,5,8,6,10,Kashyyyk
2025-03-17 14:54:19,514,at-at,empire,7,10,9,5,Vulpter
2025-03-17 14:54:18,515,stormtrooper,resistance,4,7,7,10,Dathomir
2025-03-17 14:54:17,516,tie_fighter,resistance,10,9,9,10,Zolan
2025-03-17 14:54:16,517,tie_fighter,resistance,4,3,1,2,Sullust
2025-03-17 14:54:15,518,resistance_soldier,resistance,8,8,4,10,Bestine IV
2025-03-17 14:54:14,519,at-at,resistance,7,6,6,8,Quermia
2025-03-17 14:54:13,520,tie_silencer,resistance,8,4,4,10,Tholoth
2025-03-17 14:54:12,521,stormtrooper,empire,3,2,6,7,Toydaria
2025-03-17 14:54:11,522,at-at,resistance,4,2,7,7,Bestine IV
2025-03-17 14:54:10,523,resistance_soldier,empire,8,10,1,5,Mirial
2025-03-17 14:54:09,524,at-at,empire,3,8,10,1,Ojom
2025-03-17 14:54:08,525,at-at,resistance,3,5,8,7,Skako
2025-03-17 14:54:07,526,x-wing,resistance,1,10,5,1,Iktotch
2025-03-17 14:54:06,527,resistance_soldier,empire,9,8,6,7,Kalee
2025-03-17 14:54:05,528,unknown,empire,8,5,2,1,Concord Dawn
2025-03-17 14:54:04,529,at-st,empire,6,8,3,2,Concord Dawn
2025-03-17 14:54:03,530,tie_fighter,empire,8,10,3,1,Zolan
2025-03-17 14:54:02,531,at-st,resistance,6,7,1,2,Vulpter
2025-03-17 14:54:01,532,unknown,resistance,10,5,10,6,Aleen Minor
2025-03-17 14:54:00,533,at-at,empire,5,2,10,10,Kalee
2025-03-17 14:53:59,534,at-at,empire,8,1,1,9,Haruun Kal
2025-03-17 14:53:58,535,tie_silencer,resistance,1,10,1,1,Trandosha
2025-03-17 14:53:57,536,stormtrooper,empire,1,7,10,6,Cerea
2025-03-17 14:53:56,537,resistance_soldier,resistance,5,3,5,9,Mirial
2025-03-17 14:53:55,538,at-st,empire,7,5,5,7,Zolan
2025-03-17 14:53:54,539,stormtrooper,empire,3,10,9,4,Trandosha
2025-03-17 14:53:53,540,stormtrooper,resistance,3,10,1,7,Champala
2025-03-17 14:53:52,541,x-wing,resistance,8,1,5,1,Alderaan
2025-03-17 14:53:51,542,at-st,empire,9,8,8,10,Dathomir
2025-03-17 14:53:50,543,tie_fighter,empire,6,5,3,3,Stewjon
2025-03-17 14:53:49,544,stormtrooper,empire,6,5,8,7,Quermia
2025-03-17 14:53:48,545,x-wing,resistance,1,5,7,7,Shili
2025-03-17 14:53:47,546,at-st,resistance,7,3,4,1,Socorro
2025-03-17 14:53:46,547,tie_fighter,resistance,9,5,10,10,Champala
2025-03-17 14:53:45,548,tie_fighter,resistance,10,9,8,6,Dorin
2025-03-17 14:53:44,549,resistance_soldier,resistance,9,7,3,8,Iridonia
2025-03-17 14:53:43,550,resistance_soldier,resistance,1,10,1,9,Skako
2025-03-17 14:53:42,551,unknown,empire,9,6,8,10,Glee Anselm
2025-03-17 14:53:41,552,at-st,empire,2,7,5,3,Skako
2025-03-17 14:53:40,553,stormtrooper,resistance,5,2,10,6,Kashyyyk
2025-03-17 14:53:39,554,at-st,empire,10,2,9,4,Dorin
2025-03-17 14:53:38,555,unknown,empire,3,10,2,7,Malastare
2025-03-17 14:53:37,556,unknown,resistance,9,3,7,10,Ojom
2025-03-17 14:53:36,557,at-at,resistance,1,6,3,9,Naboo
2025-03-17 14:53:35,558,x-wing,resistance,10,3,4,10,Dathomir
2025-03-17 14:53:34,559,at-at,resistance,6,3,3,9,Concord Dawn
2025-03-17 14:53:33,560,at-at,resistance,10,3,9,1,Champala
2025-03-17 14:53:32,561,at-at,empire,3,10,2,9,Malastare
2025-03-17 14:53:31,562,at-st,resistance,4,8,9,6,Alderaan
2025-03-17 14:53:30,563,unknown,resistance,9,5,6,1,Iktotch
2025-03-17 14:53:29,564,resistance_soldier,empire,2,10,3,7,Vulpter
2025-03-17 14:53:28,565,tie_fighter,resistance,1,6,9,6,Sullust
2025-03-17 14:53:27,566,stormtrooper,empire,8,4,5,9,Dagobah
2025-03-17 14:53:26,567,tie_fighter,resistance,5,1,9,3,Concord Dawn
2025-03-17 14:53:25,568,at-at,resistance,10,8,3,4,Socorro
2025-03-17 14:53:24,569,stormtrooper,empire,5,2,3,1,Socorro
2025-03-17 14:53:23,570,resistance_soldier,resistance,2,7,1,7,Ryloth
2025-03-17 14:53:22,571,resistance_soldier,empire,9,10,8,2,Muunilinst
2025-03-17 14:53:21,572,tie_fighter,empire,5,4,10,1,Troiken
2025-03-17 14:53:20,573,x-wing,resistance,3,3,4,8,Rodia
2025-03-17 14:53:19,574,unknown,empire,2,2,6,9,Glee Anselm
2025-03-17 14:53:18,575,resistance_soldier,resistance,4,4,10,3,Bestine IV
2025-03-17 14:53:17,576,tie_fighter,empire,8,5,1,7,Stewjon
2025-03-17 14:53:16,577,resistance_soldier,empire,6,6,5,8,Toydaria
2025-03-17 14:53:15,578,at-st,resistance,7,6,3,1,Kashyyyk
2025-03-17 14:53:14,579,at-at,resistance,1,10,9,2,Skako
2025-03-17 14:53:13,580,resistance_soldier,empire,3,9,8,10,Rodia
2025-03-17 14:53:12,581,unknown,empire,10,4,4,2,Muunilinst
2025-03-17 14:53:11,582,unknown,resistance,9,10,9,10,Kalee
2025-03-17 14:53:10,583,tie_fighter,empire,3,9,6,8,Dorin
2025-03-17 14:53:09,584,at-st,resistance,4,9,7,5,Haruun Kal
2025-03-17 14:53:08,585,at-at,empire,10,8,1,7,Kalee
2025-03-17 14:53:07,586,x-wing,empire,5,8,3,2,Dagobah
2025-03-17 14:53:06,587,unknown,empire,8,7,1,5,Quermia
2025-03-17 14:53:05,588,resistance_soldier,empire,2,10,6,7,Haruun Kal
2025-03-17 14:53:04,589,tie_fighter,resistance,2,3,9,9,Troiken
2025-03-17 14:53:03,590,tie_silencer,empire,10,6,2,2,Mon Cala
2025-03-17 14:53:02,591,x-wing,resistance,3,4,4,5,Glee Anselm
2025-03-17 14:53:01,592,at-st,resistance,6,1,9,9,Zolan
2025-03-17 14:53:00,593,resistance_soldier,resistance,7,4,7,4,Troiken
2025-03-17 14:52:59,594,unknown,empire,4,5,4,1,Concord Dawn
2025-03-17 14:52:58,595,at-st,empire,10,10,4,2,Muunilinst
2025-03-17 14:52:57,596,tie_silencer,empire,1,8,2,7,Umbara
2025-03-17 14:52:56,597,stormtrooper,empire,4,8,1,5,Socorro
2025-03-17 14:52:55,598,unknown,empire,8,5,4,2,Skako
2025-03-17 14:52:54,599,stormtrooper,resistance,7,5,1,6,Chandrila
2025-03-17 14:52:53,600,stormtrooper,resistance,2,3,4,6,Mon Cala
2025-03-17 14:52:52,601,stormtrooper,resistance,5,2,4,2,Kashyyyk
2025-03-17 14:52:51,602,tie_silencer,empire,6,3,8,6,Iktotch
2025-03-17 14:52:50,603,x-wing,empire,8,6,1,1,Dorin
2025-03-17 14:52:49,604,at-st,resistance,7,1,9,5,Stewjon
2025-03-17 14:52:48,605,tie_silencer,empire,3,4,1,3,Ojom
2025-03-17 14:52:47,606,stormtrooper,resistance,5,7,8,1,Sullust
2025-03-17 14:52:46,607,resistance_soldier,resistance,3,1,4,6,Shili
2025-03-17 14:52:45,608,tie_fighter,resistance,10,5,9,9,Iktotch
2025-03-17 14:52:44,609,x-wing,empire,4,3,5,2,Naboo
2025-03-17 14:52:43,610,resistance_soldier,resistance,10,6,1,3,Kashyyyk
2025-03-17 14:52:42,611,unknown,empire,9,8,8,8,Skako
2025-03-17 14:52:41,612,unknown,resistance,4,6,4,4,Aleen Minor
2025-03-17 14:52:40,613,tie_fighter,resistance,4,8,1,2,Aleen Minor
2025-03-17 14:52:39,614,at-at,resistance,8,1,8,4,Troiken
2025-03-17 14:52:38,615,resistance_soldier,resistance,6,7,7,3,Mon Cala
2025-03-17 14:52:37,616,at-st,empire,7,6,3,10,Vulpter
2025-03-17 14:52:36,617,at-at,empire,5,1,2,7,Tatooine
2025-03-17 14:52:35,618,stormtrooper,resistance,6,2,6,1,Ryloth
2025-03-17 14:52:34,619,at-st,empire,2,4,4,10,Kashyyyk
2025-03-17 14:52:33,620,unknown,resistance,6,3,7,5,Trandosha
2025-03-17 14:52:32,621,unknown,empire,4,3,9,3,Mirial
2025-03-17 14:52:31,622,x-wing,resistance,7,7,10,6,Dathomir
2025-03-17 14:52:30,623,stormtrooper,resistance,6,3,9,5,Dagobah
2025-03-17 14:52:29,624,resistance_soldier,empire,9,2,3,3,Mirial
2025-03-17 14:52:28,625,resistance_soldier,resistance,7,2,8,9,Chandrila
2025-03-17 14:52:27,626,unknown,empire,6,8,6,1,Dagobah
2025-03-17 14:52:26,627,at-at,empire,9,5,7,3,Tholoth
2025-03-17 14:52:25,628,unknown,empire,5,2,4,5,Dorin
2025-03-17 14:52:24,629,resistance_soldier,empire,2,3,8,4,Ojom
2025-03-17 14:52:23,630,x-wing,resistance,5,9,5,8,Ryloth
2025-03-17 14:52:22,631,stormtrooper,empire,7,10,10,9,Champala
2025-03-17 14:52:21,632,resistance_soldier,empire,9,3,7,10,Quermia
2025-03-17 14:52:20,633,at-st,empire,3,6,3,10,Skako
2025-03-17 14:52:19,634,tie_silencer,empire,2,2,1,1,Tund
2025-03-17 14:52:18,635,tie_fighter,empire,1,1,5,4,Ojom
2025-03-17 14:52:17,636,tie_silencer,resistance,4,9,8,9,Ryloth
2025-03-17 14:52:16,637,at-at,empire,2,9,1,9,Haruun Kal
2025-03-17 14:52:15,638,stormtrooper,empire,7,2,6,9,Vulpter
2025-03-17 14:52:14,639,at-st,resistance,8,1,2,8,Rodia
2025-03-17 14:52:13,640,unknown,resistance,6,3,1,3,Haruun Kal
2025-03-17 14:52:12,641,x-wing,empire,3,4,5,5,Trandosha
2025-03-17 14:52:11,642,at-st,resistance,1,7,2,9,Sullust
2025-03-17 14:52:10,643,at-at,empire,4,2,7,1,Champala
2025-03-17 14:52:09,644,stormtrooper,empire,7,6,9,8,Bestine IV
2025-03-17 14:52:08,645,stormtrooper,empire,9,4,4,3,Mirial
2025-03-17 14:52:07,646,unknown,empire,10,10,7,1,Stewjon
2025-03-17 14:52:06,647,resistance_soldier,empire,8,5,4,1,Muunilinst
2025-03-17 14:52:05,648,tie_fighter,empire,4,2,3,6,Vulpter
2025-03-17 14:52:04,649,x-wing,empire,3,8,2,4,Tatooine
2025-03-17 14:52:03,650,resistance_soldier,resistance,7,6,9,5,Cerea
2025-03-17 14:52:02,651,tie_fighter,resistance,10,1,10,5,Rodia
2025-03-17 14:52:01,652,tie_silencer,empire,5,9,3,1,Iktotch
2025-03-17 14:52:00,653,stormtrooper,empire,4,5,5,5,Dagobah
2025-03-17 14:51:59,654,tie_silencer,resistance,6,3,3,2,Tholoth
2025-03-17 14:51:58,655,stormtrooper,resistance,10,9,10,10,Tatooine
2025-03-17 14:51:57,656,tie_silencer,resistance,1,9,10,4,Champala
2025-03-17 14:51:56,657,unknown,empire,6,6,7,5,Dorin
2025-03-17 14:51:55,658,tie_fighter,resistance,10,3,8,7,Naboo
2025-03-17 14:51:54,659,at-at,resistance,6,8,7,1,Zolan
2025-03-17 14:51:53,660,x-wing,empire,10,3,2,9,Tholoth
2025-03-17 14:51:52,661,resistance_soldier,resistance,6,8,7,2,Zolan
2025-03-17 14:51:51,662,stormtrooper,resistance,7,3,9,8,Kashyyyk
2025-03-17 14:51:50,663,unknown,resistance,1,8,9,9,Kashyyyk
2025-03-17 14:51:49,664,at-at,resistance,3,2,1,5,Socorro
2025-03-17 14:51:48,665,unknown,empire,3,2,2,4,Dorin
2025-03-17 14:51:47,666,at-st,resistance,10,6,9,4,Cerea
2025-03-17 14:51:46,667,at-at,resistance,1,9,3,9,Alderaan
2025-03-17 14:51:45,668,at-at,empire,8,1,5,5,Eriadu
2025-03-17 14:51:44,669,resistance_soldier,resistance,1,2,8,9,Stewjon
2025-03-17 14:51:43,670,tie_fighter,resistance,1,5,7,9,Dorin
2025-03-17 14:51:42,671,at-st,empire,6,5,6,4,Kalee
2025-03-17 14:51:41,672,stormtrooper,empire,4,4,2,4,Tund
2025-03-17 14:51:40,673,at-at,empire,9,7,2,7,Troiken
2025-03-17 14:51:39,674,x-wing,resistance,5,8,9,1,Dorin
2025-03-17 14:51:38,675,unknown,empire,8,10,9,2,Stewjon
2025-03-17 14:51:37,676,tie_fighter,resistance,4,8,7,4,Ryloth
2025-03-17 14:51:36,677,tie_silencer,empire,2,10,4,10,Glee Anselm
2025-03-17 14:51:35,678,unknown,resistance,4,6,4,6,Mon Cala
2025-03-17 14:51:34,679,tie_fighter,resistance,2,2,4,2,Alderaan
2025-03-17 14:51:33,680,tie_fighter,empire,6,2,9,5,Shili
2025-03-17 14:51:32,681,x-wing,resistance,4,6,1,2,Tund
2025-03-17 14:51:31,682,tie_fighter,empire,5,2,1,7,Serenno
2025-03-17 14:51:30,683,at-st,resistance,4,2,8,6,Concord Dawn
2025-03-17 14:51:29,684,tie_silencer,resistance,10,7,10,2,Ryloth
2025-03-17 14:51:28,685,tie_fighter,resistance,10,5,1,2,Alderaan
2025-03-17 14:51:27,686,at-at,resistance,7,4,6,6,Dathomir
2025-03-17 14:51:26,687,stormtrooper,resistance,8,7,6,7,Iridonia
2025-03-17 14:51:25,688,resistance_soldier,empire,1,3,8,1,Stewjon
2025-03-17 14:51:24,689,x-wing,empire,10,10,9,9,Tatooine
2025-03-17 14:51:23,690,tie_fighter,resistance,8,4,7,7,Chandrila
2025-03-17 14:51:22,691,resistance_soldier,resistance,7,6,10,9,Malastare
2025-03-17 14:51:21,692,resistance_soldier,resistance,7,7,5,3,Alderaan
2025-03-17 14:51:20,693,resistance_soldier,empire,8,6,10,3,Shili
2025-03-17 14:51:19,694,stormtrooper,resistance,8,9,5,8,Vulpter
2025-03-17 14:51:18,695,unknown,resistance,9,5,5,7,Haruun Kal
2025-03-17 14:51:17,696,tie_silencer,empire,4,6,4,1,Aleen Minor
2025-03-17 14:51:16,697,at-st,empire,10,9,5,7,Muunilinst
2025-03-17 14:51:15,698,tie_fighter,resistance,8,9,3,9,Tholoth
2025-03-17 14:51:14,699,at-st,resistance,1,8,4,4,Bestine IV
2025-03-17 14:51:13,700,unknown,resistance,1,2,4,2,Rodia
2025-03-17 14:51:12,701,x-wing,resistance,4,6,7,3,Kashyyyk
2025-03-17 14:51:11,702,stormtrooper,empire,1,7,3,7,Toydaria
2025-03-17 14:51:10,703,tie_fighter,empire,6,2,7,7,Eriadu
2025-03-17 14:51:09,704,at-st,resistance,5,4,1,7,Sullust
2025-03-17 14:51:08,705,stormtrooper,resistance,7,10,8,2,Ryloth
2025-03-17 14:51:07,706,resistance_soldier,empire,10,6,7,5,Ojom
2025-03-17 14:51:06,707,x-wing,empire,6,9,9,4,Trandosha
2025-03-17 14:51:05,708,unknown,resistance,8,7,8,6,Dorin
2025-03-17 14:51:04,709,unknown,empire,8,3,4,3,Tholoth
2025-03-17 14:51:03,710,at-st,resistance,1,2,2,9,Tholoth
2025-03-17 14:51:02,711,resistance_soldier,resistance,1,10,2,1,Haruun Kal
2025-03-17 14:51:01,712,resistance_soldier,resistance,3,10,10,1,Iridonia
2025-03-17 14:51:00,713,at-at,empire,10,5,5,9,Ojom
2025-03-17 14:50:59,714,x-wing,resistance,4,1,4,10,Toydaria
2025-03-17 14:50:58,715,tie_silencer,resistance,6,6,9,8,Alderaan
2025-03-17 14:50:57,716,x-wing,resistance,5,1,3,10,Muunilinst
2025-03-17 14:50:56,717,x-wing,resistance,10,3,2,4,Glee Anselm
2025-03-17 14:50:55,718,at-at,resistance,3,3,2,2,Quermia
2025-03-17 14:50:54,719,tie_silencer,empire,7,4,3,7,Muunilinst
2025-03-17 14:50:53,720,tie_silencer,resistance,4,7,10,3,Haruun Kal
2025-03-17 14:50:52,721,unknown,empire,5,3,7,5,Stewjon
2025-03-17 14:50:51,722,tie_silencer,empire,4,6,1,3,Ojom
2025-03-17 14:50:50,723,at-st,empire,9,7,10,2,Rodia
2025-03-17 14:50:49,724,x-wing,empire,3,7,9,3,Muunilinst
2025-03-17 14:50:48,725,tie_silencer,resistance,4,3,9,2,Zolan
2025-03-17 14:50:47,726,resistance_soldier,resistance,2,1,3,7,Malastare
2025-03-17 14:50:46,727,unknown,resistance,3,10,9,6,Kalee
2025-03-17 14:50:45,728,x-wing,empire,2,7,2,1,Zolan
2025-03-17 14:50:44,729,tie_silencer,empire,10,6,10,8,Mon Cala
2025-03-17 14:50:43,730,unknown,empire,3,5,7,1,Dagobah
2025-03-17 14:50:42,731,resistance_soldier,resistance,3,7,1,6,Trandosha
2025-03-17 14:50:41,732,x-wing,resistance,4,3,10,5,Glee Anselm
2025-03-17 14:50:40,733,stormtrooper,empire,2,6,7,2,Ojom
2025-03-17 14:50:39,734,resistance_soldier,empire,1,4,1,8,Toydaria
2025-03-17 14:50:38,735,tie_fighter,resistance,1,3,9,9,Ryloth
2025-03-17 14:50:37,736,x-wing,empire,4,2,4,4,Toydaria
2025-03-17 14:50:36,737,tie_fighter,empire,5,3,2,10,Concord Dawn
2025-03-17 14:50:35,738,at-at,resistance,6,8,3,4,Trandosha
2025-03-17 14:50:34,739,unknown,empire,10,3,9,2,Dagobah
2025-03-17 14:50:33,740,tie_fighter,resistance,2,2,5,2,Iridonia
2025-03-17 14:50:32,741,tie_silencer,empire,7,9,4,6,Vulpter
2025-03-17 14:50:31,742,resistance_soldier,resistance,8,1,2,4,Kashyyyk
2025-03-17 14:50:30,743,stormtrooper,empire,3,5,1,9,Quermia
2025-03-17 14:50:29,744,x-wing,empire,3,4,6,4,Kalee
2025-03-17 14:50:28,745,tie_silencer,empire,7,7,5,9,Mirial
2025-03-17 14:50:27,746,at-at,resistance,9,5,10,6,Socorro
2025-03-17 14:50:26,747,at-st,empire,4,3,10,8,Dorin
2025-03-17 14:50:25,748,unknown,empire,2,4,1,4,Shili
2025-03-17 14:50:24,749,tie_silencer,empire,7,6,4,9,Ojom
2025-03-17 14:50:23,750,unknown,resistance,9,7,4,8,Troiken
2025-03-17 14:50:22,751,x-wing,resistance,5,9,5,10,Shili
2025-03-17 14:50:21,752,unknown,resistance,5,6,3,10,Mon Cala
2025-03-17 14:50:20,753,resistance_soldier,resistance,7,5,1,1,Umbara
2025-03-17 14:50:19,754,x-wing,empire,6,3,5,7,Skako
2025-03-17 14:50:18,755,x-wing,resistance,4,6,6,7,Umbara
2025-03-17 14:50:17,756,resistance_soldier,resistance,1,1,4,1,Kashyyyk
2025-03-17 14:50:16,757,tie_fighter,resistance,6,8,3,5,Mon Cala
2025-03-17 14:50:15,758,tie_silencer,empire,10,8,10,7,Umbara
2025-03-17 14:50:14,759,unknown,empire,7,3,9,10,Corellia
2025-03-17 14:50:13,760,resistance_soldier,resistance,2,4,7,6,Bestine IV
2025-03-17 14:50:12,761,x-wing,resistance,7,3,6,4,Naboo
2025-03-17 14:50:11,762,at-at,resistance,2,4,2,6,Chandrila
2025-03-17 14:50:10,763,at-at,empire,7,2,7,10,Iktotch
2025-03-17 14:50:09,764,tie_silencer,resistance,2,3,9,2,Tund
2025-03-17 14:50:08,765,x-wing,empire,4,5,6,2,Iktotch
2025-03-17 14:50:07,766,stormtrooper,empire,5,5,3,5,Serenno
2025-03-17 14:50:06,767,stormtrooper,resistance,1,2,5,4,Champala
2025-03-17 14:50:05,768,x-wing,resistance,6,5,5,4,Alderaan
2025-03-17 14:50:04,769,tie_fighter,resistance,10,9,2,10,Mon Cala
2025-03-17 14:50:03,770,tie_fighter,empire,7,9,2,3,Trandosha
2025-03-17 14:50:02,771,resistance_soldier,resistance,5,4,6,8,Cerea
2025-03-17 14:50:01,772,tie_silencer,empire,1,3,2,2,Haruun Kal
2025-03-17 14:50:00,773,tie_silencer,resistance,9,7,7,10,Skako
2025-03-17 14:49:59,774,tie_fighter,resistance,10,6,7,2,Chandrila
2025-03-17 14:49:58,775,unknown,empire,8,2,9,10,Tund
2025-03-17 14:49:57,776,resistance_soldier,empire,6,1,4,2,Serenno
2025-03-17 14:49:56,777,tie_silencer,resistance,5,9,3,4,Cerea
2025-03-17 14:49:55,778,unknown,resistance,3,4,7,10,Malastare
2025-03-17 14:49:54,779,tie_silencer,empire,7,3,10,1,Kalee
2025-03-17 14:49:53,780,tie_silencer,empire,1,10,10,3,Haruun Kal
2025-03-17 14:49:52,781,tie_silencer,resistance,1,7,8,4,Dathomir
2025-03-17 14:49:51,782,at-st,resistance,5,2,7,5,Iridonia
2025-03-17 14:49:50,783,x-wing,empire,4,6,9,9,Toydaria
2025-03-17 14:49:49,784,unknown,empire,10,3,4,7,Muunilinst
2025-03-17 14:49:48,785,x-wing,resistance,9,9,9,3,Naboo
2025-03-17 14:49:47,786,at-st,empire,2,1,3,3,Tatooine
2025-03-17 14:49:46,787,tie_fighter,empire,3,10,7,6,Vulpter
2025-03-17 14:49:45,788,at-st,empire,1,10,7,6,Umbara
2025-03-17 14:49:44,789,at-st,resistance,5,10,6,10,Ryloth
2025-03-17 14:49:43,790,stormtrooper,resistance,10,8,6,6,Alderaan
2025-03-17 14:49:42,791,tie_silencer,resistance,6,9,4,10,Sullust
2025-03-17 14:49:41,792,at-at,empire,10,6,7,9,Tatooine
2025-03-17 14:49:40,793,tie_silencer,resistance,2,8,4,9,Iktotch
2025-03-17 14:49:39,794,x-wing,empire,9,8,7,3,Toydaria
2025-03-17 14:49:38,795,unknown,empire,6,4,3,6,Champala
2025-03-17 14:49:37,796,stormtrooper,empire,9,5,2,4,Bestine IV
2025-03-17 14:49:36,797,at-st,empire,10,2,1,7,Kalee
2025-03-17 14:49:35,798,unknown,empire,1,10,10,10,Eriadu
2025-03-17 14:49:34,799,at-st,resistance,1,3,4,3,Mon Cala
2025-03-17 14:49:33,800,resistance_soldier,empire,8,5,1,1,Skako
2025-03-17 14:49:32,801,at-st,resistance,6,5,4,1,Sullust
2025-03-17 14:49:31,802,at-at,empire,7,3,5,6,Stewjon
2025-03-17 14:49:30,803,x-wing,empire,4,9,9,7,Tund
2025-03-17 14:49:29,804,stormtrooper,empire,6,4,7,2,Concord Dawn
2025-03-17 14:49:28,805,at-st,empire,9,9,9,10,Champala
2025-03-17 14:49:27,806,resistance_soldier,resistance,6,1,4,5,Alderaan
2025-03-17 14:49:26,807,stormtrooper,empire,4,1,3,5,Glee Anselm
2025-03-17 14:49:25,808,at-st,resistance,7,6,6,5,Iktotch
2025-03-17 14:49:24,809,unknown,empire,7,4,8,6,Troiken
2025-03-17 14:49:23,810,tie_silencer,resistance,6,4,6,1,Kashyyyk
2025-03-17 14:49:22,811,tie_fighter,empire,5,4,6,2,Dorin
2025-03-17 14:49:21,812,resistance_soldier,resistance,10,6,4,6,Ojom
2025-03-17 14:49:20,813,at-at,resistance,5,6,2,9,Kashyyyk
2025-03-17 14:49:19,814,unknown,empire,10,6,5,2,Ojom
2025-03-17 14:49:18,815,at-st,empire,2,10,7,5,Tholoth
2025-03-17 14:49:17,816,unknown,resistance,1,6,3,1,Iridonia
2025-03-17 14:49:16,817,resistance_soldier,resistance,1,9,6,5,Mirial
2025-03-17 14:49:15,818,x-wing,empire,1,2,10,2,Umbara
2025-03-17 14:49:14,819,tie_silencer,resistance,1,7,7,4,Rodia
2025-03-17 14:49:13,820,stormtrooper,resistance,9,10,6,6,Concord Dawn
2025-03-17 14:49:12,821,stormtrooper,empire,6,8,6,1,Malastare
2025-03-17 14:49:11,822,unknown,empire,10,2,8,10,Trandosha
2025-03-17 14:49:10,823,at-st,empire,7,9,3,1,Skako
2025-03-17 14:49:09,824,stormtrooper,empire,9,8,3,10,Toydaria
2025-03-17 14:49:08,825,tie_silencer,resistance,1,8,3,9,Malastare
2025-03-17 14:49:07,826,tie_silencer,empire,6,1,6,8,Iridonia
2025-03-17 14:49:06,827,at-st,resistance,6,7,5,10,Alderaan
2025-03-17 14:49:05,828,stormtrooper,empire,4,9,8,10,Umbara
2025-03-17 14:49:04,829,x-wing,resistance,1,9,1,2,Tatooine
2025-03-17 14:49:03,830,tie_silencer,resistance,7,9,7,4,Mon Cala
2025-03-17 14:49:02,831,x-wing,empire,3,2,6,9,Dathomir
2025-03-17 14:49:01,832,x-wing,empire,7,1,9,9,Dathomir
2025-03-17 14:49:00,833,tie_fighter,resistance,8,8,9,2,Champala
2025-03-17 14:48:59,834,tie_silencer,resistance,5,3,4,9,Zolan
2025-03-17 14:48:58,835,tie_fighter,resistance,9,7,8,2,Alderaan
2025-03-17 14:48:57,836,resistance_soldier,resistance,9,1,2,2,Quermia
2025-03-17 14:48:56,837,at-at,empire,10,9,3,9,Ojom
2025-03-17 14:48:55,838,tie_silencer,resistance,10,5,10,8,Tatooine
2025-03-17 14:48:54,839,tie_silencer,resistance,2,2,4,7,Dorin
2025-03-17 14:48:53,840,at-at,empire,2,8,8,3,Toydaria
2025-03-17 14:48:52,841,unknown,resistance,4,8,4,4,Quermia
2025-03-17 14:48:51,842,resistance_soldier,resistance,5,5,5,1,Haruun Kal
2025-03-17 14:48:50,843,at-st,empire,3,10,7,7,Muunilinst
2025-03-17 14:48:49,844,resistance_soldier,resistance,4,7,10,9,Ojom
2025-03-17 14:48:48,845,x-wing,empire,4,10,8,10,Tholoth
2025-03-17 14:48:47,846,at-st,empire,5,7,5,2,Skako
2025-03-17 14:48:46,847,stormtrooper,empire,5,8,9,8,Ojom
2025-03-17 14:48:45,848,tie_fighter,empire,8,6,3,7,Serenno
2025-03-17 14:48:44,849,tie_silencer,empire,9,7,5,5,Trandosha
2025-03-17 14:48:43,850,at-st,empire,10,9,4,1,Eriadu
2025-03-17 14:48:42,851,x-wing,empire,7,9,2,5,Rodia
2025-03-17 14:48:41,852,at-st,empire,1,8,9,7,Aleen Minor
2025-03-17 14:48:40,853,resistance_soldier,empire,5,5,7,1,Serenno
2025-03-17 14:48:39,854,at-st,empire,3,9,7,4,Kalee
2025-03-17 14:48:38,855,stormtrooper,empire,8,5,10,10,Aleen Minor
2025-03-17 14:48:37,856,stormtrooper,resistance,9,1,1,4,Shili
2025-03-17 14:48:36,857,stormtrooper,resistance,8,2,7,3,Bestine IV
2025-03-17 14:48:35,858,unknown,resistance,5,3,3,9,Socorro
2025-03-17 14:48:34,859,tie_silencer,resistance,6,5,8,5,Kalee
2025-03-17 14:48:33,860,stormtrooper,empire,3,8,5,3,Cerea
2025-03-17 14:48:32,861,stormtrooper,resistance,1,2,5,3,Aleen Minor
2025-03-17 14:48:31,862,tie_silencer,resistance,7,3,5,5,Dathomir
2025-03-17 14:48:30,863,tie_silencer,empire,10,2,7,1,Dagobah
2025-03-17 14:48:29,864,unknown,empire,5,5,1,7,Muunilinst
2025-03-17 14:48:28,865,resistance_soldier,empire,6,6,9,4,Corellia
2025-03-17 14:48:27,866,x-wing,empire,10,8,3,1,Dorin
2025-03-17 14:48:26,867,x-wing,resistance,5,4,2,8,Aleen Minor
2025-03-17 14:48:25,868,at-st,resistance,1,3,2,2,Champala
2025-03-17 14:48:24,869,tie_fighter,resistance,5,8,3,3,Sullust
2025-03-17 14:48:23,870,tie_fighter,resistance,7,9,7,10,Sullust
2025-03-17 14:48:22,871,at-st,resistance,8,7,4,10,Chandrila
2025-03-17 14:48:21,872,x-wing,empire,5,3,3,10,Socorro
2025-03-17 14:48:20,873,stormtrooper,empire,8,7,9,9,Ojom
2025-03-17 14:48:19,874,at-st,empire,3,4,1,2,Stewjon
2025-03-17 14:48:18,875,at-at,resistance,6,10,4,10,Mon Cala
2025-03-17 14:48:17,876,stormtrooper,empire,3,5,5,1,Rodia
2025-03-17 14:48:16,877,resistance_soldier,resistance,8,1,5,10,Bestine IV
2025-03-17 14:48:15,878,tie_fighter,empire,3,8,9,5,Troiken
2025-03-17 14:48:14,879,unknown,resistance,5,8,8,8,Alderaan
2025-03-17 14:48:13,880,stormtrooper,resistance,2,2,7,10,Troiken
2025-03-17 14:48:12,881,x-wing,resistance,1,1,9,1,Rodia
2025-03-17 14:48:11,882,at-st,empire,4,6,10,6,Concord Dawn
2025-03-17 14:48:10,883,tie_fighter,empire,1,9,6,2,Corellia
2025-03-17 14:48:09,884,unknown,resistance,8,3,9,5,Quermia
2025-03-17 14:48:08,885,unknown,resistance,5,8,7,3,Iridonia
2025-03-17 14:48:07,886,tie_fighter,empire,3,3,1,6,Umbara
2025-03-17 14:48:06,887,at-st,empire,2,1,6,4,Dagobah
2025-03-17 14:48:05,888,at-st,empire,5,1,10,9,Ryloth
2025-03-17 14:48:04,889,at-at,empire,5,9,3,5,Eriadu
2025-03-17 14:48:03,890,unknown,empire,3,1,4,7,Mirial
2025-03-17 14:48:02,891,at-st,empire,10,6,3,10,Muunilinst
2025-03-17 14:48:01,892,unknown,resistance,6,2,4,10,Vulpter
2025-03-17 14:48:00,893,resistance_soldier,resistance,10,8,8,2,Quermia
2025-03-17 14:47:59,894,x-wing,empire,1,5,1,5,Serenno
2025-03-17 14:47:58,895,resistance_soldier,resistance,8,4,5,8,Sullust
2025-03-17 14:47:57,896,tie_silencer,empire,3,3,10,3,Eriadu
2025-03-17 14:47:56,897,resistance_soldier,empire,5,7,3,3,Serenno
2025-03-17 14:47:55,898,x-wing,resistance,3,6,5,4,Naboo
2025-03-17 14:47:54,899,unknown,empire,4,5,7,6,Serenno
2025-03-17 14:47:53,900,stormtrooper,empire,3,2,3,5,Quermia
2025-03-17 14:47:52,901,tie_fighter,resistance,7,5,3,7,Shili
2025-03-17 14:47:51,902,x-wing,resistance,6,1,2,4,Kashyyyk
2025-03-17 14:47:50,903,at-at,resistance,8,5,8,9,Dorin
2025-03-17 14:47:49,904,at-st,empire,2,10,6,5,Serenno
2025-03-17 14:47:48,905,resistance_soldier,resistance,9,9,8,1,Rodia
2025-03-17 14:47:47,906,at-st,empire,9,4,6,6,Tatooine
2025-03-17 14:47:46,907,tie_fighter,empire,9,1,8,5,Iktotch
2025-03-17 14:47:45,908,stormtrooper,resistance,10,9,9,5,Ryloth
2025-03-17 14:47:44,909,stormtrooper,empire,7,3,5,6,Serenno
2025-03-17 14:47:43,910,tie_fighter,resistance,8,4,6,7,Troiken
2025-03-17 14:47:42,911,resistance_soldier,resistance,5,10,5,8,Quermia
2025-03-17 14:47:41,912,at-st,empire,1,9,1,9,Cerea
2025-03-17 14:47:40,913,x-wing,empire,8,9,10,7,Corellia
2025-03-17 14:47:39,914,unknown,resistance,4,8,3,8,Tholoth
2025-03-17 14:47:38,915,x-wing,empire,4,7,1,5,Zolan
2025-03-17 14:47:37,916,unknown,resistance,7,3,3,4,Rodia
2025-03-17 14:47:36,917,resistance_soldier,resistance,4,5,3,6,Socorro
2025-03-17 14:47:35,918,at-at,resistance,2,2,3,8,Concord Dawn
2025-03-17 14:47:34,919,at-at,resistance,5,6,6,6,Cerea
2025-03-17 14:47:33,920,stormtrooper,empire,6,3,9,2,Dathomir
2025-03-17 14:47:32,921,at-at,resistance,1,9,7,3,Iktotch
2025-03-17 14:47:31,922,resistance_soldier,empire,7,1,5,8,Dagobah
2025-03-17 14:47:30,923,unknown,empire,7,5,7,9,Stewjon
2025-03-17 14:47:29,924,x-wing,empire,6,5,5,10,Toydaria
2025-03-17 14:47:28,925,stormtrooper,empire,10,9,5,7,Cerea
2025-03-17 14:47:27,926,tie_silencer,resistance,6,8,1,6,Rodia
2025-03-17 14:47:26,927,stormtrooper,empire,2,8,9,9,Trandosha
2025-03-17 14:47:25,928,x-wing,resistance,4,6,6,8,Champala
2025-03-17 14:47:24,929,at-st,resistance,6,9,5,5,Bestine IV
2025-03-17 14:47:23,930,at-at,resistance,1,4,6,7,Umbara
2025-03-17 14:47:22,931,tie_fighter,empire,1,1,3,1,Rodia
2025-03-17 14:47:21,932,stormtrooper,empire,10,1,1,1,Stewjon
2025-03-17 14:47:20,933,x-wing,empire,7,9,8,8,Corellia
2025-03-17 14:47:19,934,x-wing,empire,9,2,10,3,Kalee
2025-03-17 14:47:18,935,at-st,empire,8,1,1,1,Corellia
2025-03-17 14:47:17,936,stormtrooper,resistance,2,1,3,3,Haruun Kal
2025-03-17 14:47:16,937,x-wing,resistance,1,5,9,5,Socorro
2025-03-17 14:47:15,938,at-st,resistance,5,1,9,6,Socorro
2025-03-17 14:47:14,939,tie_silencer,empire,5,2,5,5,Corellia
2025-03-17 14:47:13,940,unknown,empire,6,9,8,3,Corellia
2025-03-17 14:47:12,941,resistance_soldier,empire,7,2,10,8,Tholoth
2025-03-17 14:47:11,942,at-at,empire,6,7,2,5,Serenno
2025-03-17 14:47:10,943,tie_silencer,empire,1,7,5,4,Tholoth
2025-03-17 14:47:09,944,tie_silencer,resistance,9,3,2,8,Troiken
2025-03-17 14:47:08,945,tie_silencer,resistance,5,6,1,7,Vulpter
2025-03-17 14:47:07,946,tie_silencer,empire,2,6,7,4,Aleen Minor
2025-03-17 14:47:06,947,resistance_soldier,resistance,1,10,1,7,Champala
2025-03-17 14:47:05,948,at-st,empire,10,1,7,2,Dagobah
2025-03-17 14:47:04,949,tie_silencer,empire,7,6,3,5,Dorin
2025-03-17 14:47:03,950,at-at,resistance,6,8,5,3,Chandrila
2025-03-17 14:47:02,951,at-at,resistance,6,10,5,8,Dathomir
2025-03-17 14:47:01,952,unknown,empire,6,4,2,5,Toydaria
2025-03-17 14:47:00,953,x-wing,empire,4,3,7,5,Tholoth
2025-03-17 14:46:59,954,tie_silencer,empire,8,8,10,4,Champala
2025-03-17 14:46:58,955,tie_fighter,empire,8,4,10,5,Mirial
2025-03-17 14:46:57,956,x-wing,resistance,10,2,2,6,Ojom
2025-03-17 14:46:56,957,x-wing,empire,1,7,10,2,Trandosha
2025-03-17 14:46:55,958,at-st,resistance,1,6,5,9,Umbara
2025-03-17 14:46:54,959,x-wing,resistance,5,6,10,5,Quermia
2025-03-17 14:46:53,960,x-wing,empire,7,4,1,8,Skako
2025-03-17 14:46:52,961,stormtrooper,resistance,7,10,9,7,Ryloth
2025-03-17 14:46:51,962,resistance_soldier,empire,5,9,8,3,Mirial
2025-03-17 14:46:50,963,tie_silencer,resistance,1,2,4,6,Iridonia
2025-03-17 14:46:49,964,stormtrooper,empire,10,1,1,6,Cerea
2025-03-17 14:46:48,965,resistance_soldier,resistance,5,1,9,10,Haruun Kal
2025-03-17 14:46:47,966,tie_fighter,resistance,8,2,4,9,Ryloth
2025-03-17 14:46:46,967,at-st,resistance,3,7,4,7,Champala
2025-03-17 14:46:45,968,unknown,empire,1,4,3,9,Tatooine
2025-03-17 14:46:44,969,resistance_soldier,resistance,6,7,7,10,Vulpter
2025-03-17 14:46:43,970,tie_fighter,resistance,1,7,8,2,Bestine IV
2025-03-17 14:46:42,971,unknown,resistance,9,5,6,4,Tholoth
2025-03-17 14:46:41,972,tie_fighter,empire,4,10,6,6,Socorro
2025-03-17 14:46:40,973,at-at,empire,2,2,1,4,Quermia
2025-03-17 14:46:39,974,tie_fighter,resistance,10,5,5,8,Chandrila
2025-03-17 14:46:38,975,resistance_soldier,resistance,8,10,1,3,Zolan
2025-03-17 14:46:37,976,tie_fighter,resistance,2,5,5,1,Umbara
2025-03-17 14:46:36,977,at-st,resistance,8,8,3,7,Dorin
2025-03-17 14:46:35,978,tie_silencer,empire,1,8,1,4,Cerea
2025-03-17 14:46:34,979,unknown,empire,10,1,6,1,Skako
2025-03-17 14:46:33,980,at-st,empire,1,2,4,9,Dathomir
2025-03-17 14:46:32,981,at-at,empire,1,10,1,7,Muunilinst
2025-03-17 14:46:31,982,at-at,resistance,9,2,9,8,Mon Cala
2025-03-17 14:46:30,983,tie_fighter,resistance,7,4,5,5,Ojom
2025-03-17 14:46:29,984,tie_fighter,resistance,10,2,9,10,Sullust
2025-03-17 14:46:28,985,x-wing,empire,3,5,5,3,Dathomir
2025-03-17 14:46:27,986,resistance_soldier,empire,6,7,6,4,Concord Dawn
2025-03-17 14:46:26,987,resistance_soldier,empire,7,5,2,8,Umbara
2025-03-17 14:46:25,988,tie_silencer,empire,2,5,1,3,Serenno
2025-03-17 14:46:24,989,unknown,resistance,10,7,2,8,Naboo
2025-03-17 14:46:23,990,x-wing,empire,6,7,3,7,Trandosha
2025-03-17 14:46:22,991,unknown,empire,4,2,1,6,Dagobah
2025-03-17 14:46:21,992,x-wing,empire,4,9,8,9,Kalee
2025-03-17 14:46:20,993,tie_silencer,resistance,6,10,2,9,Ojom
2025-03-17 14:46:19,994,at-at,resistance,10,5,10,4,Cerea
2025-03-17 14:46:18,995,tie_silencer,resistance,9,3,3,7,Skako
2025-03-17 14:46:17,996,tie_fighter,resistance,8,7,8,7,Ojom
2025-03-17 14:46:16,997,tie_silencer,empire,10,1,7,2,Skako
2025-03-17 14:46:15,998,at-at,resistance,3,10,1,10,Mirial
2025-03-17 14:46:14,999,x-wing,resistance,9,4,4,2,Naboo
2025-03-17 14:46:13,1000,unknown,empire,9,7,8,3,Serenno
